{
	"GT5U.gui.color.oneByOne": "404040",
	"GT5U.gui.color.twoByTwo": "404040",
	"GT5U.gui.color.twoByTwoFluid": "404040",
	"GT5U.gui.color.twoByTwoFluidInventory": "404040",
	"GT5U.gui.color.threeByThree": "404040",
	"GT5U.gui.color.fourByFour": "404040",

	"GT5U.gui.color.basicMachine": "404040",
	"GT5U.gui.color.basicTankTitle": "404040",
	"GT5U.gui.color.basicTankInventory": "404040",
	"GT5U.gui.color.basicTankLiquidAmount": "FAFAFF",
	"GT5U.gui.color.basicTankLiquidValue": "FAFAFF",

	"GT5U.gui.color.maintenanceHatch": "404040",
	"GT5U.gui.color.maintenanceHatchRepair": "404040",

	"GT5U.gui.color.multiMachineTitle": "FAFAFF",
	"GT5U.gui.color.multiMachineDrillBaseText": "FAFAFF",
	"GT5U.gui.color.multiMachineIncompleteStructure": "FAFAFF",
	"GT5U.gui.color.multiMachineLargeTurbineText": "FAFAFF",
	"GT5U.gui.color.multiMachineMaintenanceText": "FAFAFF",
	"GT5U.gui.color.multiMachineMalletRestart": "FAFAFF",
	"GT5U.gui.color.multiMachineRunningPerfectly": "FAFAFF",

	"GT5U.gui.color.outputHatchTitle": "404040",
	"GT5U.gui.color.outputHatchInventory": "404040",
	"GT5U.gui.color.outputHatchAmount": "FAFAFF",
	"GT5U.gui.color.outputHatchValue": "FAFAFF",
	"GT5U.gui.color.outputHatchFluidName": "FAFAFF",
	"GT5U.gui.color.outputHatchLockedFluid": "FAFAFF",

	"GT5U.gui.color.boiler": "404040",
	"GT5U.gui.color.bronzeBlastFurnace": "404040",
	"GT5U.gui.color.fusionReactor": "FF0000",
	"GT5U.gui.color.industrialApiary": "404040",
	"GT5U.gui.color.microwaveEnergyTransmitter": "FAFAFF",
	"GT5U.gui.color.primitiveBlastFurnace": "404040",
	"GT5U.gui.color.quantumChestTitle": "404040",
	"GT5U.gui.color.quantumChestAmount": "FAFAFF",
	"GT5U.gui.color.regulator": "FAFAFF",
	"GT5U.gui.color.teleporter": "FAFAFF",

	"GT5U.gui.color.fluidDisplayStackRenderer": "FFFFFF",

	"GT5U.gui.color.dialogSelectItem": "FF555555",
	"GT5U.gui.color.pollutionRenderer": "FFFFFFFF",
	"GT5U.gui.color.screenText": "FF222222",

	"GT5U.gui.color.NEIText": "FF000000",

	"GT5U.gui.color.coverArm": "FF555555",
	"GT5U.gui.color.coverControlsWork": "FF555555",
	"GT5U.gui.color.coverConveyor": "FF555555",
	"GT5U.gui.color.coverDoesWork": "FF555555",
	"GT5U.gui.color.coverEUMeter": "FF555555",
	"GT5U.gui.color.coverFluidFilterName": "FF222222",
	"GT5U.gui.color.coverFluidFilter": "FF555555",
	"GT5U.gui.color.coverFluidRegulator": "FF555555",
	"GT5U.gui.color.coverFluidRegulatorWarn": "FFFF0000",
	"GT5U.gui.color.coverItemFilter": "FF555555",
	"GT5U.gui.color.coverItemMeter": "FF555555",
	"GT5U.gui.color.coverLiquidMeter": "FF555555",
	"GT5U.gui.color.coverMaintenance": "FF555555",
	"GT5U.gui.color.coverPlayerDetector": "FF555555",
	"GT5U.gui.color.coverPump": "FF555555",
	"GT5U.gui.color.coverRedstoneWirelessBase": "FF555555",
	"GT5U.gui.color.coverShutter": "FF555555"
}
